{
    "mean": [
        -0.005418341336771846,
        -0.4803250741958618,
        1.0102424144744873,
        -0.004219816019758582,
        -0.5297607588768005,
        1.1214394283294677,
        0.5874999761581421,
        0.019553276938386262,
        -0.31375437319278715,
        0.47024091601371765,
        -0.023141543241217734,
        0.7722046208381653,
        0.037483004946261646,
        0.5962499976158142
    ],
    "std": [
        0.0037046673595435117,
        0.5198390293133509,
        0.19777533174586182,
        0.01628604032372787,
        0.3604517638688013,
        0.599594906568619,
        0.42409461736679066,
        0.1111459962267787,
        0.4943566018756803,
        0.4435493499761361,
        0.14519995270245534,
        0.2956251092603712,
        0.22778612457722053,
        0.3861203193664551
    ]
}